,from,to,weight,effdistance
0,Ethiopia,Germany,0.5326355779999999,1.63
1,Ethiopia,Ethiopia,0.46736442200000006,1.761
2,Germany,Ethiopia,0.004414634000000001,6.423
3,Germany,Kenya,0.0037186579999999997,6.594
4,Germany,TanzaniaUnitedRepublicof,0.007557616,5.885
5,Germany,Angola,0.005941128,6.126
6,Germany,Egypt,0.0072786019999999995,5.923
7,Germany,Morocco,0.003914203,6.543
8,Germany,Tunisia,0.005442475,6.214
9,Germany,Sudan,0.0037686240000000004,6.581
10,Germany,SouthAfrica,0.004363161,6.435
11,Germany,Namibia,0.000746766,8.2
12,Germany,Nigeria,0.003509843,6.652
13,Germany,CapeVerde,0.003181237,6.75
14,Germany,Barbados,0.007306559000000001,5.919
15,Germany,Cuba,0.017541885,5.043
16,Germany,Jamaica,0.008696714,5.745
17,Germany,DominicanRepublic,0.006474227,6.04
18,Germany,TrinidadandTobago,0.008995245,5.711
19,Germany,Mexico,0.030818061,4.48
20,Germany,Colombia,0.013285988,5.321
21,Germany,Venezuela,0.004919806,6.314
22,Germany,Argentina,0.004984818,6.301
23,Germany,Brazil,0.093144906,3.374
24,Germany,USA,0.007756138,5.859
25,Germany,Canada,0.033338606,4.401
26,Germany,Kazakhstan,0.007989025,5.83
27,Germany,Japan,0.105416933,3.25
28,Germany,KoreaRepublicof,0.008536881999999999,5.763
29,Germany,China,0.057278295,3.86
30,Germany,Taiwan,0.024486268999999998,4.71
31,Germany,Mongolia,0.00012482200000000002,9.989
32,Germany,India,0.056471585,3.874
33,Germany,SriLanka,0.008709329,5.743
34,Germany,IranIslamicRepublicof,0.0017061320000000002,7.374
35,Germany,Maldives,0.0068059869999999995,5.99
36,Germany,Thailand,0.009259684,5.682
37,Germany,VietNam,0.020127266,4.906
38,Germany,Cambodia,0.098900217,3.314
39,Germany,Singapore,0.008143864,5.81
40,Germany,Turkey,0.005026335,6.293
41,Germany,Jordan,0.000276416,9.194
42,Germany,UnitedArabEmirates,0.007834652,5.849
43,Germany,Lebanon,0.000147012,9.825
44,Germany,Qatar,0.00036772199999999996,8.908
45,Germany,Iraq,0.000775182,8.162
46,Germany,Kuwait,0.006079454000000001,6.103
47,Germany,SaudiArabia,0.01399951,5.269
48,Germany,Georgia,0.001685853,7.385
49,Germany,Israel,0.000129434,9.952
50,Germany,Hungary,7.7e-05,10.472
51,Germany,Romania,0.0013291470000000001,7.623
52,Germany,RussianFederation,0.0032195059999999996,6.739
53,Germany,Ukraine,0.0034635070000000002,6.665
54,Germany,Poland,0.046583714000000005,4.067
55,Germany,MoldovaRepublicof,0.001190722,7.733
56,Germany,CzechRepublic,0.00030404,9.098
57,Germany,Bulgaria,3.34e-05,11.307
58,Germany,Sweden,0.002233306,7.104
59,Germany,Denmark,0.019226757,4.951
60,Germany,Finland,4.6399999999999996e-05,10.978
61,Germany,Iceland,0.000176042,9.645
62,Germany,Norway,0.00012515899999999999,9.986
63,Germany,Latvia,5.67e-05,10.778
64,Germany,Lithuania,0.00028183799999999997,9.174
65,Germany,Spain,0.047704309,4.043
66,Germany,Italy,0.021553733999999998,4.837
67,Germany,Greece,0.0041139209999999996,6.493
68,Germany,Serbia,0.000251696,9.287
69,Germany,Croatia,0.0005050640000000001,8.591
70,Germany,Portugal,0.009755086999999999,5.63
71,Germany,Slovenia,0.000926328,7.984
72,Germany,Malta,0.000135277,9.908
73,Germany,BosniaandHerzegovina,0.000521207,8.559
74,Germany,Netherlands,0.001731233,7.359
75,Germany,UnitedKingdom,0.020891235,4.868
76,Germany,France,0.004093291,6.498
77,Germany,Germany,0.06516625200000001,3.731
78,Germany,Switzerland,0.002183483,7.127
79,Germany,Belgium,7.63e-05,10.481
80,Germany,Austria,0.000514747,8.572
81,Germany,Luxembourg,0.000151849,9.793
82,Mozambique,SouthAfrica,1.0,1.0
83,SouthAfrica,Mozambique,0.05032375099999999,3.989
84,SouthAfrica,Zimbabwe,0.014662491000000001,5.222
85,SouthAfrica,Malawi,0.013163557,5.33
86,SouthAfrica,Zambia,0.013329942,5.318
87,SouthAfrica,SouthAfrica,0.898200853,1.107
88,SouthAfrica,UnitedKingdom,0.0050048440000000005,6.297
89,SouthAfrica,Botswana,0.004080434,6.502
90,SouthAfrica,Germany,0.0012341280000000001,7.697
91,Eritrea,Italy,1.0,1.0
92,Italy,Eritrea,0.01464679,5.224
93,Italy,Romania,0.131927867,3.025
94,Italy,Italy,0.7797962490000001,1.249
95,Italy,Germany,0.068635649,3.679
96,Italy,Poland,0.0049934459999999995,6.3
97,Somalia,Djibouti,1.0,1.0
98,Djibouti,Somalia,0.318361865,2.145
99,Djibouti,Turkey,0.681638135,1.383
100,Burundi,Belgium,1.0,1.0
101,Belgium,Burundi,0.052005425,3.956
102,Belgium,Rwanda,0.07689733,3.565
103,Belgium,Cameroon,0.04139704,4.185
104,Belgium,CongoDemocraticRepublicof,0.021448618,4.842
105,Belgium,Gambia,0.022982343,4.773
106,Belgium,Senegal,0.043521631,4.134
107,Belgium,BurkinaFaso,0.053700501,3.924
108,Belgium,Liberia,0.08178566400000001,3.504
109,Belgium,Germany,0.001069176,7.841
110,Belgium,Hungary,0.17815457699999998,2.725
111,Belgium,France,0.42703769399999997,1.851
112,Zimbabwe,SouthAfrica,0.9339550520000001,1.068
113,Zimbabwe,Netherlands,0.06604494799999999,3.717
114,TanzaniaUnitedRepublicof,Netherlands,0.43503533899999997,1.832
115,TanzaniaUnitedRepublicof,TanzaniaUnitedRepublicof,0.105376237,3.25
116,TanzaniaUnitedRepublicof,Germany,0.459588424,1.777
117,Netherlands,TanzaniaUnitedRepublicof,0.06890487599999999,3.675
118,Netherlands,Uganda,0.03418174,4.376
119,Netherlands,Zimbabwe,0.066237848,3.715
120,Netherlands,Aruba,0.032072244,4.44
121,Netherlands,Bonaire,0.008215929,5.802
122,Netherlands,Curacao,0.011149598,5.496
123,Netherlands,Suriname,0.002800157,6.878
124,Netherlands,USA,0.13766909300000002,2.983
125,Netherlands,Kazakhstan,0.007918811,5.839
126,Netherlands,Japan,0.454848906,1.788
127,Netherlands,Turkey,0.01017807,5.588
128,Netherlands,Germany,0.09285194,3.377
129,Netherlands,France,0.017389564,5.052
130,Netherlands,UnitedKingdom,0.055581225,3.89
131,Mayotte,Reunion,1.0,1.0
132,Reunion,Mayotte,0.300850762,2.201
133,Reunion,France,0.699149238,1.358
134,Uganda,Netherlands,1.0,1.0
135,Turkey,Djibouti,0.002539816,6.976
136,Turkey,LibyanArabJamahiriya,0.002617946,6.945
137,Turkey,Egypt,0.011694265,5.449
138,Turkey,Brazil,0.015789437,5.148
139,Turkey,Turkmenistan,0.001015066,7.893
140,Turkey,IranIslamicRepublicof,0.044340700999999996,4.116
141,Turkey,Afghanistan,0.003792045,6.575
142,Turkey,Germany,0.014752612,5.216
143,Turkey,Turkey,0.6924022259999999,1.368
144,Turkey,Iraq,0.004631484,6.375
145,Turkey,Georgia,0.000873703,8.043
146,Turkey,Cyprus,0.000995526,7.912
147,Turkey,SaudiArabia,0.027008239,4.612
148,Turkey,Azerbaijan,0.001464818,7.526
149,Turkey,Netherlands,0.172464476,2.758
150,Turkey,CzechRepublic,0.001241188,7.692
151,Turkey,Slovakia,0.002376451,7.042
152,Rwanda,Belgium,1.0,1.0
153,Kenya,Kenya,0.2057833,2.581
154,Kenya,Germany,0.583936635,1.538
155,Kenya,Switzerland,0.210280065,2.559
156,Malawi,SouthAfrica,1.0,1.0
157,Zambia,UnitedKingdom,0.040389286,4.209
158,Zambia,SouthAfrica,0.9596107140000001,1.041
159,UnitedKingdom,Zambia,0.0060497319999999995,6.108
160,UnitedKingdom,SouthAfrica,0.003995665,6.523
161,UnitedKingdom,Ghana,0.002470496,7.003
162,UnitedKingdom,SierraLeone,0.0018734429999999998,7.28
163,UnitedKingdom,Nigeria,0.0026140210000000002,6.947
164,UnitedKingdom,USA,0.018971597,4.965
165,UnitedKingdom,Canada,0.026512946000000003,4.63
166,UnitedKingdom,HongKong(SAR)China,0.007459492,5.898
167,UnitedKingdom,India,0.021350714,4.847
168,UnitedKingdom,Malaysia,0.014424301,5.239
169,UnitedKingdom,IrelandRepublicof,0.009081457,5.702
170,UnitedKingdom,Gibraltar,0.0005440530000000001,8.516
171,UnitedKingdom,Spain,0.235895623,2.444
172,UnitedKingdom,UnitedKingdom,0.189033777,2.666
173,UnitedKingdom,Germany,0.077345552,3.559
174,UnitedKingdom,France,0.012644195,5.371
175,UnitedKingdom,Switzerland,0.114799414,3.165
176,UnitedKingdom,Netherlands,0.239920153,2.427
177,UnitedKingdom,Poland,0.008708064,5.744
178,UnitedKingdom,Hungary,0.006305303000000001,6.066
179,Mauritius,France,1.0,1.0
180,France,Mauritius,0.000195735,9.539
181,France,Reunion,0.000148075,9.818
182,France,Madagascar,9.4e-05,10.272
183,France,Congo,0.0007521610000000001,8.193
184,France,Gabon,0.000163327,9.72
185,France,Chad,0.000150288,9.803
186,France,Cameroon,0.000130055,9.948
187,France,Algeria,0.0015752189999999999,7.453
188,France,Morocco,0.000918325,7.993
189,France,Tunisia,0.000370405,8.901
190,France,Coted'Ivoire,0.000227171,9.39
191,France,Mali,0.000252755,9.283
192,France,Guinea,0.000242422,9.325
193,France,Benin,0.000276395,9.194
194,France,Togo,0.00020789400000000003,9.478
195,France,Niger,0.000159142,9.746
196,France,Mauritania,0.00018019099999999998,9.621
197,France,CapeVerde,0.00054807,8.509
198,France,Martinique,9.1e-05,10.305
199,France,Cuba,0.000240607,9.332
200,France,Guadeloupe,9.66e-05,10.245
201,France,StMaarten(DutchPart),0.000393972,8.839
202,France,FrenchGuiana,8.3e-05,10.397
203,France,Chile,0.0019808829999999997,7.224
204,France,USA,0.001306548,7.64
205,France,Canada,0.000379439,8.877
206,France,China,0.004925941,6.313
207,France,France,0.186053385,2.682
208,France,Germany,0.006330724,6.062
209,France,Poland,0.002672201,6.925
210,France,Norway,0.358462173,2.026
211,France,Netherlands,0.017478756,5.047
212,France,UnitedKingdom,0.144876993,2.932
213,France,Belgium,0.268036137,2.317
214,Switzerland,Kenya,0.234445187,2.451
215,Switzerland,Germany,0.292348748,2.23
216,Switzerland,UnitedKingdom,0.46739597200000005,1.761
217,Switzerland,Switzerland,0.005810094,6.148
218,Seychelles,UnitedArabEmirates,1.0,1.0
219,UnitedArabEmirates,Seychelles,0.001722744,7.364
220,UnitedArabEmirates,India,0.173159062,2.754
221,UnitedArabEmirates,Bangladesh,0.025125085,4.684
222,UnitedArabEmirates,Pakistan,0.035859339,4.328
223,UnitedArabEmirates,IranIslamicRepublicof,0.10495786,3.254
224,UnitedArabEmirates,Indonesia,0.071006855,3.645
225,UnitedArabEmirates,Thailand,0.02416317,4.723
226,UnitedArabEmirates,Philippines,0.0302125,4.499
227,UnitedArabEmirates,Germany,0.003117131,6.771
228,UnitedArabEmirates,Bahrain,0.004844754000000001,6.33
229,UnitedArabEmirates,SaudiArabia,0.033653398,4.392
230,UnitedArabEmirates,SyrianArabRepublic,0.005067767,6.285
231,UnitedArabEmirates,Oman,0.006147626,6.092
232,UnitedArabEmirates,Yemen,0.007916078,5.839
233,UnitedArabEmirates,Qatar,0.281514996,2.268
234,UnitedArabEmirates,Lebanon,0.06506677599999999,3.732
235,UnitedArabEmirates,Australia,0.126464858,3.068
236,Madagascar,France,1.0,1.0
237,EquatorialGuinea,EquatorialGuinea,0.10385464900000001,3.265
238,EquatorialGuinea,Spain,0.8961453509999999,1.11
239,Congo,France,1.0,1.0
240,Angola,Angola,0.211500198,2.554
241,Angola,Germany,0.788499802,1.238
242,Cameroon,Belgium,0.453195784,1.791
243,Cameroon,France,0.5468042160000001,1.604
244,CongoDemocraticRepublicof,CongoDemocraticRepublicof,0.266200386,2.324
245,CongoDemocraticRepublicof,Belgium,0.733799614,1.31
246,Gabon,France,1.0,1.0
247,Chad,France,1.0,1.0
248,Spain,EquatorialGuinea,0.008352756,5.785
249,Spain,Ecuador,0.015696019,5.154
250,Spain,Bolivia,0.011096664,5.501
251,Spain,Lithuania,0.003564254,6.637
252,Spain,Germany,0.032554667999999995,4.425
253,Spain,Spain,0.691474494,1.369
254,Spain,UnitedKingdom,0.237261145,2.439
255,Algeria,France,1.0,1.0
256,Morocco,France,0.845635672,1.168
257,Morocco,Germany,0.154364328,2.868
258,Egypt,Egypt,0.001551849,7.468
259,Egypt,Kuwait,0.976080823,1.024
260,Egypt,Germany,0.006954757,5.968
261,Egypt,Turkey,0.015412572,5.173
262,Kuwait,Egypt,0.918299422,1.085
263,Kuwait,Germany,0.081700578,3.505
264,LibyanArabJamahiriya,Turkey,1.0,1.0
265,Tunisia,Germany,0.167471853,2.787
266,Tunisia,France,0.832528147,1.183
267,SouthSudan,Sudan,1.0,1.0
268,Sudan,SouthSudan,0.542771873,1.611
269,Sudan,Germany,0.45722812700000004,1.783
270,Botswana,SouthAfrica,1.0,1.0
271,Namibia,Germany,1.0,1.0
272,Coted'Ivoire,France,1.0,1.0
273,Nigeria,Germany,0.002432943,7.019
274,Nigeria,Nigeria,0.9390814470000001,1.063
275,Nigeria,Lebanon,0.056668105,3.871
276,Nigeria,UnitedKingdom,0.001817505,7.31
277,Ghana,UnitedKingdom,0.7058667470000001,1.348
278,Ghana,Ghana,0.294133253,2.224
279,Gambia,Belgium,1.0,1.0
280,Mali,France,1.0,1.0
281,CapeVerde,Germany,0.157975857,2.845
282,CapeVerde,France,0.842024143,1.172
283,Guinea,France,1.0,1.0
284,Benin,France,1.0,1.0
285,Senegal,Belgium,1.0,1.0
286,SierraLeone,UnitedKingdom,1.0,1.0
287,Lebanon,Nigeria,0.394543353,1.93
288,Lebanon,Germany,0.015273972,5.182
289,Lebanon,UnitedArabEmirates,0.590182675,1.527
290,Togo,France,1.0,1.0
291,Niger,France,1.0,1.0
292,Mauritania,France,1.0,1.0
293,BurkinaFaso,Belgium,1.0,1.0
294,Liberia,Belgium,1.0,1.0
297,DominicanRepublic,Germany,0.471740654,1.751
298,DominicanRepublic,USA,0.20030271,2.608
299,DominicanRepublic,Canada,0.238311684,2.434
300,Aruba,Netherlands,1.0,1.0
301,Barbados,Germany,0.6385044679999999,1.449
302,Barbados,StVincentandtheGrenadines,0.361495532,2.018
303,Bonaire,Netherlands,1.0,1.0
304,PuertoRico,USA,1.0,1.0
305,USA,PuertoRico,0.006579466,6.024
306,USA,Bahamas,0.005932649,6.127
307,USA,CaymanIslands,0.002581411,6.959
309,USA,Jamaica,0.004524355,6.398
310,USA,Haiti,0.002250309,7.097
311,USA,TurksandCaicosIslands,0.0029245609999999996,6.835
312,USA,TrinidadandTobago,0.009603771,5.646
314,USA,DominicanRepublic,0.001358686,7.601
316,USA,SaintLucia,0.006104496,6.099
317,USA,Mexico,0.037972794,4.271
318,USA,Belize,0.00332838,6.705
319,USA,Guatemala,0.006660665,6.012
320,USA,CostaRica,0.009555355,5.651
321,USA,Nicaragua,0.003128655,6.767
322,USA,Panama,0.015185839,5.187
323,USA,Honduras,0.005845036,6.142
324,USA,ElSalvador,0.018824703999999998,4.973
325,USA,Paraguay,0.015666889,5.156
326,USA,Colombia,0.026245502999999996,4.64
327,USA,Venezuela,0.010235372,5.582
328,USA,Brazil,0.015036376,5.197
329,USA,Guyana,0.007269679,5.924
330,USA,Peru,0.020677538999999998,4.879
331,USA,Bolivia,0.02651557,4.63
332,USA,Uruguay,0.011987147,5.424
333,USA,Ecuador,0.016582937,5.099
334,USA,USA,0.021370259,4.846
335,USA,Germany,0.0028565220000000002,6.858
336,USA,Bermuda,0.005942608,6.126
337,USA,UnitedKingdom,0.030764421,4.481
338,USA,France,0.041733837999999995,4.176
339,USA,Netherlands,0.042108297999999995,4.168
340,USA,Iceland,0.229284668,2.473
341,USA,Canada,0.008542439,5.763
342,USA,NewZealand,0.18354257100000002,2.695
343,USA,Fiji,0.049276596,4.01
344,USA,FrenchPolynesia,0.008031688,5.824
345,USA,CookIslands,0.069972247,3.66
346,Cuba,Cuba,0.475493454,1.743
347,Cuba,France,0.010772101999999999,5.531
348,Cuba,Germany,0.422407986,1.862
349,Cuba,Canada,0.09132645699999999,3.393
350,Curacao,Netherlands,0.346210109,2.061
351,Curacao,Venezuela,0.6537898910000001,1.425
352,Dominica,Guadeloupe,1.0,1.0
353,Guadeloupe,Dominica,0.7628514209999999,1.271
354,Guadeloupe,France,0.181238645,2.708
355,Guadeloupe,SaintMartin,0.055909935,3.884
358,StMaarten(DutchPart),SaintBarthelemy,0.166519058,2.793
359,StMaarten(DutchPart),France,0.48161497700000006,1.731
360,Martinique,France,0.37426466,1.983
361,Martinique,SaintLucia,0.62573534,1.469
362,Bahamas,USA,1.0,1.0
363,CaymanIslands,USA,1.0,1.0
365,Jamaica,USA,0.622213159,1.474
366,Jamaica,Germany,0.37778684100000004,1.973
367,Haiti,USA,1.0,1.0
368,TurksandCaicosIslands,USA,1.0,1.0
369,TrinidadandTobago,USA,0.289958912,2.238
370,TrinidadandTobago,Germany,0.710041088,1.342
371,SaintBarthelemy,StMaarten(DutchPart),1.0,1.0
372,SaintMartin,Guadeloupe,1.0,1.0
374,SaintLucia,Martinique,0.8487390570000001,1.164
375,SaintLucia,USA,0.151260943,2.889
377,StVincentandtheGrenadines,Barbados,1.0,1.0
378,Mexico,Mexico,0.946407691,1.055
379,Mexico,USA,0.050191232999999995,3.992
380,Mexico,Germany,0.000358474,8.934
381,Mexico,Mongolia,0.003042602,6.795
382,Belize,USA,1.0,1.0
383,Guatemala,USA,1.0,1.0
384,Honduras,Honduras,0.258124052,2.354
385,Honduras,USA,0.741875948,1.299
386,CostaRica,USA,1.0,1.0
387,Nicaragua,USA,1.0,1.0
388,Mongolia,Mexico,0.48787115200000003,1.718
389,Mongolia,Germany,0.512128848,1.669
390,Panama,USA,1.0,1.0
391,ElSalvador,USA,1.0,1.0
392,Colombia,Colombia,0.996514094,1.003
393,Colombia,USA,0.003195397,6.746
394,Colombia,Germany,0.000290509,9.144
395,Argentina,Brazil,0.001950776,7.24
396,Argentina,Argentina,0.98486848,1.015
397,Argentina,Germany,3.32e-05,11.313
398,Argentina,Chile,0.012576539,5.376
399,Argentina,Uruguay,0.000570965,8.468
400,Brazil,Argentina,0.000319657,9.048
401,Brazil,Paraguay,6.07e-05,10.71
402,Brazil,Brazil,0.999108728,1.001
403,Brazil,USA,0.000138053,9.888
404,Brazil,Germany,0.000199998,9.517
405,Brazil,Turkey,0.00017287700000000002,9.663
406,Paraguay,Brazil,0.9347869129999999,1.067
407,Paraguay,USA,0.065213087,3.73
408,Chile,Chile,0.991865991,1.008
409,Chile,Argentina,0.007319815,5.917
410,Chile,France,0.000814195,8.113
411,Peru,Peru,0.999393332,1.001
412,Peru,USA,0.000606668,8.408
413,Venezuela,USA,0.032928242,4.413
414,Venezuela,Venezuela,0.764727134,1.268
415,Venezuela,Germany,0.0017333029999999998,7.358
416,Venezuela,Curacao,0.200611321,2.606
417,FrenchGuiana,France,1.0,1.0
418,Bolivia,Bolivia,0.973710484,1.027
419,Bolivia,USA,0.01998293,4.913
420,Bolivia,Spain,0.0063065859999999994,6.066
421,Ecuador,Ecuador,0.99136845,1.009
422,Ecuador,Spain,0.004584349000000001,6.385
423,Ecuador,USA,0.004047200999999999,6.51
424,Guyana,USA,1.0,1.0
425,India,India,0.985969329,1.014
426,India,UnitedArabEmirates,0.009639174,5.642
427,India,Qatar,0.0032139020000000003,6.74
428,India,Germany,0.000865511,8.052
429,India,UnitedKingdom,0.000312085,9.072
430,Uruguay,USA,0.012118503999999999,5.413
431,Uruguay,Argentina,0.987881496,1.012
432,Suriname,Netherlands,1.0,1.0
433,Bermuda,USA,1.0,1.0
434,Iceland,USA,0.02065925,4.88
435,Iceland,Iceland,0.026285272000000002,4.639
436,Iceland,Germany,0.001163089,7.757
437,Iceland,FaroeIslands,0.9518923890000001,1.049
438,Canada,Canada,0.899640455,1.106
439,Canada,UnitedKingdom,0.003885161,6.551
440,Canada,Cuba,0.063459182,3.757
441,Canada,DominicanRepublic,0.027855795,4.581
442,Canada,Germany,0.004247154,6.462
443,Canada,USA,0.000827751,8.097
444,Canada,France,8.45e-05,10.379
445,Kazakhstan,RussianFederation,0.885738184,1.121
446,Kazakhstan,Germany,0.043633982,4.132
447,Kazakhstan,Netherlands,0.070627834,3.65
448,RussianFederation,Kazakhstan,0.008912856,5.72
449,RussianFederation,Uzbekistan,0.003425081,6.677
450,RussianFederation,Tajikistan,0.001921363,7.255
451,RussianFederation,Kyrgyzstan,0.000645167,8.346
452,RussianFederation,VietNam,0.021875169,4.822
453,RussianFederation,Armenia,0.000622515,8.382
454,RussianFederation,Azerbaijan,0.0005575630000000001,8.492
455,RussianFederation,Cyprus,0.0014133370000000002,7.562
456,RussianFederation,RussianFederation,0.936759743,1.065
457,RussianFederation,Germany,0.023123971,4.767
458,RussianFederation,Ukraine,0.000743235,8.204
459,Turkmenistan,Turkey,1.0,1.0
460,Uzbekistan,RussianFederation,1.0,1.0
461,Tajikistan,RussianFederation,1.0,1.0
462,Kyrgyzstan,RussianFederation,1.0,1.0
463,China,China,0.9905335270000001,1.01
464,China,France,6.659999999999999e-05,10.617
465,China,KoreaRepublicof,0.006071699,6.104
466,China,Finland,7.99e-05,10.435
467,China,Japan,0.001308775,7.639
468,China,Macao(SAR)China,0.000285848,9.16
469,China,Germany,0.000198078,9.527
470,China,Taiwan,0.001455529,7.532
471,Japan,Japan,0.947334806,1.054
472,Japan,KoreaRepublicof,0.010851168999999999,5.523
473,Japan,Netherlands,0.000180011,9.622
474,Japan,Germany,7.09e-05,10.554
475,Japan,China,0.041232526,4.189
476,Japan,NewCaledonia,0.000140933,9.867
477,Japan,Guam,8.78e-05,10.34
478,Japan,NorthernMarianaIslands(exceptGuam),0.00010192,10.191
479,KoreaRepublicof,China,0.096063657,3.343
480,KoreaRepublicof,Japan,0.005337242,6.233
481,KoreaRepublicof,KoreaRepublicof,0.897250153,1.108
482,KoreaRepublicof,Germany,5.05e-05,10.894
483,KoreaRepublicof,Palau,0.0012984589999999999,7.647
484,Finland,China,0.337568194,2.086
485,Finland,Germany,0.0006473480000000001,8.343
486,Finland,Finland,0.611062871,1.493
487,Finland,Estonia,0.01122958,5.489
488,Finland,Greece,0.039492007999999995,4.232
489,HongKong(SAR)China,UnitedKingdom,0.045237581,4.096
490,HongKong(SAR)China,Taiwan,0.954762419,1.046
491,Taiwan,Taiwan,0.149264195,2.902
492,Taiwan,HongKong(SAR)China,0.276074019,2.287
493,Taiwan,Germany,0.003095006,6.778
494,Taiwan,China,0.571566779,1.559
495,Macao(SAR)China,China,1.0,1.0
496,IranIslamicRepublicof,IranIslamicRepublicof,0.921941385,1.081
497,IranIslamicRepublicof,Qatar,0.050183004,3.992
498,IranIslamicRepublicof,Turkey,0.013650866000000001,5.294
499,IranIslamicRepublicof,Germany,7.070000000000001e-05,10.557
500,IranIslamicRepublicof,UnitedArabEmirates,0.01415404,5.258
501,Qatar,India,0.320119502,2.139
502,Qatar,IranIslamicRepublicof,0.278231499,2.279
503,Qatar,Nepal,0.016649308,5.095
504,Qatar,Philippines,0.087140719,3.44
505,Qatar,Myanmar,0.140510139,2.962
506,Qatar,Germany,0.0004991619999999999,8.603
507,Qatar,UnitedArabEmirates,0.010451373,5.561
508,Qatar,Australia,0.146398298,2.921
509,Nepal,Nepal,0.976619742,1.024
510,Nepal,Qatar,0.023380257999999998,4.756
511,Bangladesh,UnitedArabEmirates,1.0,1.0
512,SriLanka,Germany,0.31998195100000004,2.139
513,SriLanka,SriLanka,0.6800180490000001,1.386
514,Afghanistan,Afghanistan,0.9813921590000001,1.019
515,Afghanistan,Turkey,0.018607841,4.984
516,Pakistan,UnitedArabEmirates,0.016244812,5.12
517,Pakistan,Pakistan,0.983755188,1.016
518,Maldives,Germany,1.0,1.0
519,Indonesia,Indonesia,0.987666998,1.012
520,Indonesia,Singapore,0.001536456,7.478
521,Indonesia,UnitedArabEmirates,8.64e-06,12.659
522,Indonesia,SaudiArabia,0.010787902,5.529
523,Malaysia,Malaysia,0.939739355,1.062
524,Malaysia,UnitedKingdom,0.00031263,9.07
525,Malaysia,Singapore,0.05994801599999999,3.814
526,Philippines,Philippines,0.9873103209999999,1.013
527,Philippines,Qatar,0.012422281,5.388
528,Philippines,UnitedArabEmirates,0.000267398,9.227
529,Singapore,Indonesia,0.220116005,2.514
530,Singapore,BruneiDarussalam,0.048362410999999994,4.029
531,Singapore,Malaysia,0.10396579199999999,3.264
532,Singapore,Germany,0.0009731680000000001,7.935
533,Singapore,Australia,0.259383937,2.349
534,Singapore,NewZealand,0.24369197399999998,2.412
535,Singapore,PapuaNewGuinea,0.123506713,3.091
536,Thailand,Germany,1.01e-05,12.503
537,Thailand,Thailand,0.9982648740000001,1.002
538,Thailand,UnitedArabEmirates,0.00011499,10.071
539,Thailand,LaoPeople'sDemocraticRepublic,0.000603549,8.413
540,Thailand,Myanmar,0.000660534,8.322
541,Thailand,Cambodia,0.000345921,8.969
542,VietNam,VietNam,0.025323567999999998,4.676
543,VietNam,RussianFederation,0.966924243,1.034
544,VietNam,Germany,0.007752188,5.86
545,BruneiDarussalam,Singapore,1.0,1.0
546,Myanmar,Myanmar,0.8118862109999999,1.208
547,Myanmar,Thailand,0.175189285,2.742
548,Myanmar,Qatar,0.012924504,5.349
549,SaudiArabia,Indonesia,0.024926279,4.692
550,SaudiArabia,SaudiArabia,0.927248209,1.076
551,SaudiArabia,UnitedArabEmirates,0.002133737,7.15
552,SaudiArabia,Turkey,0.045021588,4.101
553,SaudiArabia,Germany,0.000670189,8.308
554,LaoPeople'sDemocraticRepublic,Thailand,0.923258288,1.08
555,LaoPeople'sDemocraticRepublic,LaoPeople'sDemocraticRepublic,0.076741712,3.567
556,Cambodia,Thailand,0.537035067,1.622
557,Cambodia,Germany,0.46296493299999997,1.77
558,Yemen,Jordan,0.39928370799999996,1.918
559,Yemen,UnitedArabEmirates,0.600716292,1.51
560,Jordan,Yemen,0.567954201,1.566
561,Jordan,Germany,0.020529201,4.886
562,Jordan,SyrianArabRepublic,0.41151659799999996,1.888
563,Bahrain,UnitedArabEmirates,1.0,1.0
564,Iraq,Austria,0.20232461899999998,2.598
565,Iraq,Turkey,0.659449734,1.416
566,Iraq,Germany,0.13822564699999998,2.979
567,Austria,Iraq,0.100415434,3.298
568,Austria,Cyprus,0.056306579,3.877
569,Austria,Ukraine,0.081744155,3.504
570,Austria,Slovakia,0.008438198000000001,5.775
571,Austria,Belarus,0.039411715,4.234
572,Austria,CzechRepublic,0.033366592,4.4
573,Austria,Greece,0.172083815,2.76
574,Austria,MacedoniaFormerYugoslavRepublicof,0.018165051,5.008
575,Austria,Albania,0.029790616000000002,4.514
576,Austria,Germany,0.460277844,1.776
577,Georgia,Turkey,0.323012448,2.13
578,Georgia,Poland,0.623320711,1.473
579,Georgia,Germany,0.05366684099999999,3.925
580,SyrianArabRepublic,Jordan,0.632073962,1.459
581,SyrianArabRepublic,UnitedArabEmirates,0.36792603799999996,2.0
582,Cyprus,Turkey,0.205928639,2.58
583,Cyprus,Austria,0.22066604899999998,2.511
584,Cyprus,RussianFederation,0.573405312,1.556
585,Israel,Israel,0.997962102,1.002
586,Israel,Germany,0.002037898,7.196
587,Armenia,RussianFederation,1.0,1.0
588,Azerbaijan,Turkey,0.172697453,2.756
589,Azerbaijan,RussianFederation,0.827302547,1.19
590,Poland,Georgia,0.005238856,6.252
591,Poland,Poland,0.15279974300000002,2.879
592,Poland,Germany,0.07143279,3.639
593,Poland,Denmark,0.554982383,1.589
594,Poland,Hungary,0.17727569899999998,2.73
595,Poland,Norway,0.0033529470000000002,6.698
596,Poland,Italy,0.013310902,5.319
597,Poland,France,0.014137351999999999,5.259
598,Poland,UnitedKingdom,0.007469328000000001,5.897
599,Oman,UnitedArabEmirates,0.38546823,1.953
600,Oman,Oman,0.61453177,1.487
601,Romania,Italy,0.504862185,1.683
602,Romania,Germany,0.11949092,3.125
603,Romania,Romania,0.0015189379999999998,7.49
604,Romania,Hungary,0.374127957,1.983
605,Bulgaria,Bulgaria,0.986591143,1.013
606,Bulgaria,Germany,0.013408857,5.312
607,CzechRepublic,Turkey,0.461147125,1.774
608,CzechRepublic,Austria,0.536352087,1.623
609,CzechRepublic,Germany,0.002500788,6.991
610,Slovakia,Turkey,0.704685135,1.35
611,Slovakia,Austria,0.295314865,2.22
612,Hungary,Germany,0.009665116,5.639
613,Hungary,Romania,0.105113834,3.253
614,Hungary,Poland,0.274358358,2.293
615,Hungary,Sweden,0.114328549,3.169
616,Hungary,Belgium,0.221917649,2.505
617,Hungary,UnitedKingdom,0.274616494,2.292
618,Ukraine,Austria,0.552305101,1.594
619,Ukraine,Germany,0.32949376399999997,2.11
620,Ukraine,RussianFederation,0.118201135,3.135
621,MoldovaRepublicof,Germany,1.0,1.0
622,Denmark,Poland,0.06879560900000001,3.677
623,Denmark,Denmark,0.5877443729999999,1.531
624,Denmark,Germany,0.286720813,2.249
625,Denmark,FaroeIslands,0.005141678,6.27
626,Denmark,Norway,0.051597527000000004,3.964
627,Belarus,Austria,1.0,1.0
628,Norway,Norway,0.90459774,1.1
629,Norway,Germany,0.000104301,10.168
630,Norway,Poland,0.01407817,5.263
631,Norway,Denmark,0.027059825,4.61
632,Norway,France,0.054159962,3.916
633,Sweden,Sweden,0.639258122,1.447
634,Sweden,Germany,0.099103035,3.312
635,Sweden,Hungary,0.261638843,2.341
636,IrelandRepublicof,UnitedKingdom,0.386308159,1.951
637,IrelandRepublicof,Portugal,0.613691841,1.488
638,FaroeIslands,Denmark,0.738335251,1.303
639,FaroeIslands,Iceland,0.261664749,2.341
640,Portugal,IrelandRepublicof,0.007552512,5.886
641,Portugal,Germany,0.098714334,3.316
642,Portugal,Portugal,0.893733153,1.112
643,Lithuania,Spain,0.9852221059999999,1.015
644,Lithuania,Germany,0.014777894,5.215
645,Latvia,Germany,1.0,1.0
646,Estonia,Finland,1.0,1.0
647,Greece,Germany,0.131897221,3.026
648,Greece,Greece,0.40304625,1.909
649,Greece,Finland,0.077427729,3.558
650,Greece,Austria,0.3876288,1.948
651,Serbia,Germany,0.656816425,1.42
652,Serbia,Montenegro,0.343183575,2.069
653,Croatia,Germany,1.0,1.0
654,Gibraltar,UnitedKingdom,1.0,1.0
655,Slovenia,Germany,1.0,1.0
656,Malta,Germany,1.0,1.0
657,BosniaandHerzegovina,Germany,1.0,1.0
658,MacedoniaFormerYugoslavRepublicof,Austria,1.0,1.0
659,Montenegro,Serbia,1.0,1.0
660,Albania,Austria,1.0,1.0
661,Luxembourg,Germany,1.0,1.0
662,Australia,Australia,0.991715825,1.008
663,Australia,Singapore,0.003533397,6.645
664,Australia,UnitedArabEmirates,6.659999999999999e-05,10.617
665,Australia,Qatar,0.000135637,9.906
666,Australia,NewZealand,0.003413727,6.68
667,Australia,Vanuatu,0.000366305,8.912
668,Australia,Samoa,0.0007685360000000001,8.171
669,NewZealand,USA,0.000323544,9.036
670,NewZealand,NewZealand,0.907787149,1.097
671,NewZealand,Singapore,0.002492292,6.995
672,NewZealand,Australia,0.089397015,3.415
673,PapuaNewGuinea,PapuaNewGuinea,0.9114991659999999,1.093
674,PapuaNewGuinea,Singapore,0.088500834,3.425
675,Fiji,USA,1.0,1.0
676,NewCaledonia,Japan,1.0,1.0
677,Vanuatu,Australia,1.0,1.0
678,Guam,Japan,1.0,1.0
679,Palau,KoreaRepublicof,1.0,1.0
680,NorthernMarianaIslands(exceptGuam),Japan,1.0,1.0
681,Samoa,Australia,1.0,1.0
682,FrenchPolynesia,USA,1.0,1.0
683,CookIslands,USA,1.0,1.0
